question,answer,contexts,ground_truth,faithfulness,answer_relevancy,context_precision
Qui sont les fondateurs d'Histia ?,"Je ne peux pas répondre à cette question car elle ne correspond pas au contexte fourni. Le contexte décrit l'histoire de Veesion, une entreprise qui se spécialise dans la sécurité de la grande distribution, et mentionne les fondateurs de Veesion : Benoît Koenig, Thibault David et Damien Ménigaux. Il n'y a aucune mention d'Histia.","['or advance in retail security. Join us Our history The Veesion adventure took root when Benoît Koenig, Thibault David and Damien Ménigaux, three complementary students, joined forces around a common passion for Artificial Intelligence. Together, they shared a vision: to develop an advanced solution to transform retail security.'
 'The Veesion story fechar Sectors Supermarkets Pharmacies Retail Stores Client Testimonials Resources Ebooks Case Studies Infographics Press Blog Become a partner About We are hiring Contact Request a demo Veesion > About > Who are we? Who we are The history of Veesion Veesion began in a university dorm room, the fruit of the ambition and creativity of three students with a passion for Artificial Intelligence. They saw in Deep Learning applied to video an opportunity and an unexplored potential.'
 '.92 Million Grant for First Commercial e-SAF Plant Metafuels accelerates the Turbe project in Rotterdam, addressing ReFuelEU mandates and securing aviation fuel supply through proprietary aerobrew technology. Andy Weymann joins Verve as Venture Partner Andy Weymann joins Verve Ventures as Venture Partner, following a distinguished career in the healthcare industry, most recently serving as the Chief Medical Officer (CMO) of Smith & Nephew.'
 'that by working together we can achieve our goals. HUMILITY As pioneers, we remain aware that every success reflects collaborative work and the opportunity to learn and progress together. Behind the ambition of Veesion , a team of over 150 people! Our team'
 'kills covering a wide range of areas of expertise. Everyone, with their unique perspective, contributes to our collective dynamic. At Veesion, we value this diversity and team spirit as key elements in our development. Together, we have evolved, strengthening our position in the field of advanced technologies for the retail sector. Our ambition At Veesion, our commitment is to deliver innovation and performance optimisation for retail professionals.']",Les fondateurs d'Histia sont Hiyu Shintani et Léopold Servais.,,,0.0
Quel problème Histia résout-il pour ses clients ?,"D'après le contexte, Histia (ou Veesion) résout le problème de la gestion de la surveillance vidéo et de la présence de personnel dans les magasins. Les clients mentionnés (7 Eleven, IGA et Spar) ont besoin d'une solution qui leur permette de surveiller leurs magasins même lorsque le personnel est rare, et Veesion leur permet de faire cela. De plus, Veesion permet également de réduire le stress du personnel et de concentrer les efforts sur la gestion de l'entreprise.","['im more effective. Indie R. Franchisee at 7 Eleven Staff stress has been reduced. Now, we are able to concentrate on the business with peace of mind. Toni B. Owner at IGA We needed something that allowed us to be everywhere at once, even when staff were thin on the ground. Veesion allows us to do exactly that. It was effective from the very first day we installed it and is only going to get better as time goes on. Andy P. Owner at Spar The best value for money on the video surveillance market!'
 'ing is strictly necessary to provide the Users the Services and that a withdrawal may lead to the drawback that VERVE would not be able to provide and perform properly the Services any more. In such case, VERVE may terminate the Users’ access and/or use to all or part of the Services without incurring any liability whatsoever. 3.2. In addition, VERVE collects the User Information listed in Section 2.1 for the following specific purposes:'
 'works, help prevent occupational risks in industry and other applications where our expertise can add value. Discover what Veesion can do for you. Do you have one or more stores? Our team will contact you within 48 hours ✖'
 'e repeat visitors *Based on observed customer data Security or IT Provider? Offer your customers a unique solution Become a partner CASE STUDY Tackling shoplifting . From small stores to global brands Discover how Veesion has addressed the unique security challenges of diverse retailers, ranging from small stores to large-scale players in all industries. Discover our Case Studies In-store theft is often discreet . And often repeated .'
 'for the store operators using the Veesion system. He said one US client was able to cut their losses from the health and beauty section in half in the first three months of implementation. Many US retailers have responded to the shoplifting problem by locking up items or limiting the ways people can shop, but that approach increasingly appears to be backfiring in the form of declining sales and worsening customer experiences.']",Histia résout le problème de la recherche d'informations fiables et de la rédaction d'études de marché.,,,
Quelle technologie Histia utilise-t-il ?,Je n'ai trouvé aucune information sur la technologie utilisée par Histia dans le contexte fourni. Il est possible que Histia ne soit pas mentionné dans le texte fourni.,"['spraying system that reduces herbicide use Holding Orakl Oncology accelerates drug discovery in oncology Holding tozero is developing a novel way of recycling lithium-ion batteries Holding Insights about European deep tech innovation Groove Quantum uses Germanium to unlock scalable quantum computing'
 'e to go beyond the limits of technology. Driven by our passion for the cutting edge, we create intelligent and intuitive solutions, opening up new possibilities and shaping the future of technology. COMMITMENT Our cutting-edge technology is the foundation on which we build revolutionary solutions and offer unrivalled support to our customers and partners. COLLABORATION Veesion’s strength lies in our spirit of collaboration and unity. We believe that by working together we can achieve our goals.'
 '.92 Million Grant for First Commercial e-SAF Plant Metafuels accelerates the Turbe project in Rotterdam, addressing ReFuelEU mandates and securing aviation fuel supply through proprietary aerobrew technology. Andy Weymann joins Verve as Venture Partner Andy Weymann joins Verve Ventures as Venture Partner, following a distinguished career in the healthcare industry, most recently serving as the Chief Medical Officer (CMO) of Smith & Nephew.'
 'performance optimisation for retail professionals. Our technologies, based on artificial intelligence, help businesses to reduce waste, increase efficiency and improve safety for everyone, customers and employees alike security for both customers and employees. We’re looking to the future with the aim of broadening our scope. Our project includes the development of solutions to identify inappropriate content on social networks, help prevent occupational risks in industry'
 't shoplifters, recover inventory, and save money."" One key difference between Veesion\'s tech and some other visual security approaches is that it says it doesn\'t rely on individual tracking or physical characteristics that could raise concerns about bias or personal privacy. The algorithm doesn\'t care what you look like, Veesion cofounder Benoît Koenig said. It only cares what you\'re doing. Veesion ""The algorithm doesn\'t care about what people look like']",Histia utilise une technologie propriétaire de traitement de données basée sur l'IA pour fiabiliser les informations.,,0.0,0.0
